MAE,RMSE,sMAPE,MASE,WQL,coverage80,model,n_excluded_MASE
223.0976666764532,310.21184063389154,17.400587971759837,1.3988426047610918,0.23347719535054418,0.8080922711763833,auto_ets,0
