MAE,RMSE,sMAPE,MASE,WQL,coverage80,model,n_excluded_MASE
362.7747281616603,464.23998976643657,19.93071147697719,1.7528272712654427,0.23373070802670304,0.9558707906838746,auto_theta,0
