model,MASE,sMAPE,RMSE,MAE,WQL,coverage80,n_excluded_MASE
seasonal_naive_168,1.1130000189395282,11.710609442674638,276.1231684100068,174.20535899718143,0.1279037740468532,0.09525292983236909,0
seasonal_naive_24,1.2993002572577383,14.3280843464399,315.0867616278978,207.0600986500519,0.15270384455657798,0.044529743361519054,0
