MAE,RMSE,sMAPE,MASE,WQL,coverage80,model,n_excluded_MASE
229.53447387194686,299.2738501011303,17.00839534229301,1.2984055417311884,0.13980127378242996,0.8842975819611334,mstl,0
