MAE,RMSE,sMAPE,MASE,WQL,coverage80,model,n_excluded_MASE
174.20535899718143,276.1231684100068,11.710609442674638,1.1130000189395282,0.1279037740468532,0.09525292983236909,seasonal_naive_168,0
