MAE,RMSE,sMAPE,MASE,WQL,coverage80,model,n_excluded_MASE
207.0600986500519,315.0867616278978,14.3280843464399,1.2993002572577383,0.15270384455657798,0.044529743361519054,seasonal_naive_24,0
