MAE,RMSE,sMAPE,MASE,WQL,coverage80,model,n_excluded_MASE
223.09766667644604,310.2118406338827,17.400587971759563,1.3988426047609646,0.2334771953505352,0.8080922711763833,auto_ets,0
