MAE,RMSE,sMAPE,MASE,WQL,coverage80,model,n_excluded_MASE
362.77472816114664,464.2399897656473,19.930711476974427,1.7528272712646635,0.2337307051865403,0.9558707906838746,auto_theta,0
