MAE,RMSE,sMAPE,MASE,WQL,coverage80,model,n_excluded_MASE
159.25210318938502,237.01726547115769,11.10967523803241,0.9754088713667293,0.09201667902699318,0.7100281857291204,chronos_bolt_small,0
