MAE,RMSE,sMAPE,MASE,WQL,coverage80,model,n_excluded_MASE
149.05519211442407,224.03054087753802,10.67863232420198,0.9378053374155069,0.09000454137475405,0.7118268802848242,chronos_bolt_base,0
