MAE,RMSE,sMAPE,MASE,WQL,coverage80,model,n_excluded_MASE
150.15003340774908,223.4577546836758,10.827418101064938,0.9357777984454747,0.08960870684157157,0.7014426642931315,chronos_bolt_base_ft,0
