MAE,RMSE,sMAPE,MASE,WQL,coverage80,model,n_excluded_MASE
191.16134736316093,280.7070795795104,14.39611624261697,1.207345242690063,0.2828016609572918,0.9736352173268061,lgbm_global,0
