MAE,RMSE,sMAPE,MASE,WQL,coverage80,model,n_excluded_MASE
229.5344738719525,299.2738501011363,17.008395342293067,1.2984055417311926,0.1398012737824301,0.8842975819611334,mstl,0
