MAE,RMSE,sMAPE,MASE,WQL,coverage80,model,n_excluded_MASE
300.10453271913246,378.9018612472146,20.096053442196542,1.7115582553291568,0.1517268391119775,0.7208834000890076,patchtst,0
